<?xml version="1.0" encoding="UTF-8"?>
<project-private xmlns="http://www.netbeans.org/ns/project-private/1">
    <editor-bookmarks xmlns="http://www.netbeans.org/ns/editor-bookmarks/2" lastBookmarkId="0"/>
    <open-files xmlns="http://www.netbeans.org/ns/projectui-open-files/2">
        <group>
            <file>file:/D:/sem%204/prak%20pbo/ZooProjectt/ZooProject/src/view/UIMenu.java</file>
            <file>file:/D:/sem%204/prak%20pbo/ZooProjectt/ZooProject/src/view/341db20c2f57056f684cc4fefc0d7118.jpg</file>
            <file>file:/D:/sem%204/prak%20pbo/ZooProjectt/ZooProject/src/view/UILogin.java</file>
            <file>file:/D:/sem%204/prak%20pbo/ZooProjectt/ZooProject/src/view/UIPengunjung.java</file>
            <file>file:/D:/sem%204/prak%20pbo/ZooProjectt/ZooProject/src/view/e272743b0f26cb46eda1d3be6a9eadd0.jpg</file>
            <file>file:/D:/sem%204/prak%20pbo/ZooProjectt/ZooProject/src/controller/HewanController.java</file>
            <file>file:/D:/sem%204/prak%20pbo/ZooProjectt/ZooProject/src/view/UIHewan.java</file>
            <file>file:/D:/sem%204/prak%20pbo/ZooProjectt/ZooProject/src/view/UIUser.java</file>
            <file>file:/D:/sem%204/prak%20pbo/ZooProjectt/ZooProject/src/view/UIHome.java</file>
        </group>
    </open-files>
</project-private>
